variant_id,variant_name,ticker,sample_size,avg_fwd_5d_return,avg_fwd_10d_return,avg_fwd_15d_return,avg_excess_5d_return,avg_excess_10d_return,avg_excess_15d_return,win_rate_10d
defensive_deep_band_near_50dma,Defensive Deep Oversold Near 50DMA,AMZN,3,0.035936310774442516,0.020659966795361456,-0.001923466418282264,0.01098589130432237,0.012560608409137308,-0.00045967947267252135,0.6666666666666666
defensive_deep_band_near_50dma,Defensive Deep Oversold Near 50DMA,UBER,3,0.01600940518122466,-0.0030250788252126717,-0.028478745649402597,-0.0012857823602481961,-0.012448595735138087,-0.011618719436048938,0.6666666666666666
defensive_deep_band_near_50dma,Defensive Deep Oversold Near 50DMA,ACN,2,-0.030089569953052453,-0.0788976122529238,-0.07612716112070467,-0.03324115790954191,-0.031860212883215944,-0.026727698962408786,0.0
defensive_deep_band_near_50dma,Defensive Deep Oversold Near 50DMA,ADBE,2,-0.007186824630594724,-0.062220482693797874,-0.06400950813387285,-0.010898223993439538,-0.05854500513999694,-0.07209608161805581,0.0
defensive_deep_band_near_50dma,Defensive Deep Oversold Near 50DMA,LLY,2,-0.016010618486605455,-0.025360426787864043,-0.026315940603166332,-0.012906068034085616,-0.004354197935964643,0.03936588392685508,0.5
defensive_deep_band_near_50dma,Defensive Deep Oversold Near 50DMA,MU,2,0.0632377412084335,0.013014747186750553,0.06949777651814049,0.043094279205459884,-0.011226915375403879,0.030619150625237235,0.5
defensive_deep_band_near_50dma,Defensive Deep Oversold Near 50DMA,NVDA,2,-0.04118673353770924,-0.0760363120006951,-0.07025744652393445,-0.03513302548141495,-0.07393527109971643,-0.07722165345557686,0.5
defensive_deep_band_near_50dma,Defensive Deep Oversold Near 50DMA,QCOM,2,-0.02205425894208779,-0.036276147453283336,-0.04941635191114008,-0.0026631096543316968,-0.004510022141999637,-0.00984729121779132,0.0
defensive_deep_band_near_50dma,Defensive Deep Oversold Near 50DMA,AAPL,1,-0.003735196072436553,-0.04596106265540978,-0.047670383122520366,-0.029415011245635503,-0.01856583662926381,0.02414738655699411,0.0
defensive_deep_band_near_50dma,Defensive Deep Oversold Near 50DMA,AMGN,1,0.03669410475419155,0.05667773600816561,0.08484429450494324,0.07821869369257739,0.07603504775242731,0.13885743147271057,1.0
defensive_deep_band_near_50dma,Defensive Deep Oversold Near 50DMA,AXP,1,-0.01159919338918447,0.0050102659082305046,0.06328072349911174,-0.0014031435765812228,0.008058575247752775,0.020131560358706002,1.0
defensive_deep_band_near_50dma,Defensive Deep Oversold Near 50DMA,BA,1,-0.033335532852556526,-0.04232559206034303,-0.16326528875298363,-0.03932385376414149,-0.025256257274178462,-0.09319669371114492,0.0
defensive_deep_band_near_50dma,Defensive Deep Oversold Near 50DMA,BRK-B,1,0.07212156383007984,0.06936095707641798,0.08243338775585052,-0.010721598946048516,-0.009071147061004092,-0.03450982396715774,1.0
defensive_deep_band_near_50dma,Defensive Deep Oversold Near 50DMA,C,1,-0.0015663391580947872,-0.015663391580948316,0.012083260955944919,0.015115433289084823,0.023504762558394954,0.04693587023050383,0.0
defensive_deep_band_near_50dma,Defensive Deep Oversold Near 50DMA,COP,1,0.1255339835453959,0.12912624322094945,0.17582524864419002,0.10782962065924484,0.1668289967543395,0.18130388407447817,1.0
defensive_deep_band_near_50dma,Defensive Deep Oversold Near 50DMA,COST,1,0.0032159424633131373,-0.04130963257398301,-0.05278337319122228,-0.01265543350639975,-0.023683239728242156,-0.028060611134640534,0.0
defensive_deep_band_near_50dma,Defensive Deep Oversold Near 50DMA,DIS,1,-0.027622187115525554,-0.05494941298361966,-0.07313479009041202,-0.02050890883102996,-0.032236873622715545,-0.0617784823258265,0.0
defensive_deep_band_near_50dma,Defensive Deep Oversold Near 50DMA,EMR,1,0.03292277622133333,-0.046335848710812866,-0.09962206542524266,0.007242961048134378,-0.018940622684666897,-0.02780429574572818,0.0
defensive_deep_band_near_50dma,Defensive Deep Oversold Near 50DMA,FDX,1,0.019955482157351767,0.056205560401018095,0.06327613724153158,-0.022294554361372843,0.008019477083116566,0.011076099745140233,1.0
defensive_deep_band_near_50dma,Defensive Deep Oversold Near 50DMA,GE,1,0.06123501021941813,0.15201389247856012,0.2749281911061374,0.057603609443910964,0.14217225030163094,0.2341408629441908,1.0
defensive_deep_band_near_50dma,Defensive Deep Oversold Near 50DMA,GS,1,0.040054879749755745,0.05306959499687758,0.031661292391004014,0.02485263687168704,0.03727022603023067,0.03833246336421958,1.0
defensive_deep_band_near_50dma,Defensive Deep Oversold Near 50DMA,INTC,1,0.03412068059804296,0.05161855965311957,0.06620006990830274,0.04550353996152667,0.05147975032228014,0.05738532437524846,1.0
defensive_deep_band_near_50dma,Defensive Deep Oversold Near 50DMA,JPM,1,0.03564986764842182,0.05681010128668906,0.04981136552438081,0.045026437916769746,0.04568910769801193,0.025785208672563176,1.0
defensive_deep_band_near_50dma,Defensive Deep Oversold Near 50DMA,LRCX,1,-0.04588654077077503,-0.0689052878494445,-0.09097572536349885,-0.011595248327122665,-0.03357120973969152,-0.04792976989540543,0.0
defensive_deep_band_near_50dma,Defensive Deep Oversold Near 50DMA,MO,1,-0.020701515320357022,0.044661719624932594,0.031627402411163796,-0.01336093085358192,0.01160365431992827,-0.014760965782011803,1.0
defensive_deep_band_near_50dma,Defensive Deep Oversold Near 50DMA,NFLX,1,-0.03405263415209059,-0.09138474579353562,-0.05541283588949408,-0.05099877864257185,-0.0602831811816793,-0.04538085278100723,0.0
defensive_deep_band_near_50dma,Defensive Deep Oversold Near 50DMA,NOW,1,0.018348964753645447,0.03461059218297491,0.10208410913310839,0.017313214548076106,0.03293035176810721,0.06074450515003971,1.0
defensive_deep_band_near_50dma,Defensive Deep Oversold Near 50DMA,PM,1,0.027532698271577116,-0.04041649188060581,-0.037886825528157586,0.042539133296704446,-0.005004972522971829,0.019060105893482837,0.0
defensive_deep_band_near_50dma,Defensive Deep Oversold Near 50DMA,SBUX,1,-0.07860633436049758,-0.08837343506241191,-0.08217505375792455,-0.05584278084509953,-0.06764138409055165,-0.04699653874399845,0.0
defensive_deep_band_near_50dma,Defensive Deep Oversold Near 50DMA,SCHW,1,-0.005113676031523795,-0.02758707427956586,-0.008747058509480543,-0.00015714454217519158,-0.023324163973932666,-0.011504404048674366,0.0
defensive_deep_band_near_50dma,Defensive Deep Oversold Near 50DMA,SPG,1,0.0025023368977030724,-0.0013169824011481923,0.023706085137933375,-0.017064808547114563,-0.02110276821511803,-0.005152708878619627,0.0
defensive_deep_band_near_50dma,Defensive Deep Oversold Near 50DMA,T,1,0.07223950394761158,0.09236331233445405,0.06295156210186681,0.010111881642902887,0.0483573899922094,0.022034266360114296,1.0
defensive_deep_band_near_50dma,Defensive Deep Oversold Near 50DMA,TSLA,1,0.08125266530565645,0.0944941625608251,-0.006602745943367627,0.055572850132457496,0.12188938858697107,0.06521502373614685,1.0
defensive_deep_band_near_50dma,Defensive Deep Oversold Near 50DMA,TXN,1,0.027563804345889675,-0.005416521036576416,-0.0293091614627059,0.0018839891726907254,0.021978704989569553,0.042508608216808574,0.0
defensive_deep_band_near_50dma,Defensive Deep Oversold Near 50DMA,USB,1,-0.03610211252839146,0.006243201446354263,-0.017372404641629147,-0.0440517144085818,-0.02741087058435876,-0.04474929400481653,1.0
defensive_moderate_band_near_50dma,Defensive Moderate Oversold Near 50DMA,GM,3,0.009723844865519434,-0.06881778328707529,-0.08026613715513069,-0.01589826555294238,-0.05942252196700618,-0.09119337796289755,0.3333333333333333
defensive_moderate_band_near_50dma,Defensive Moderate Oversold Near 50DMA,LRCX,3,0.029772831221739498,0.06796715251287304,0.11668437546791306,0.017326628846566255,0.05352857090085502,0.09048510354582229,1.0
defensive_moderate_band_near_50dma,Defensive Moderate Oversold Near 50DMA,AMAT,2,0.0037844482555522974,0.06841744562138657,0.056974520940746565,0.018236826539327677,0.07737016275269637,0.0723214743709798,0.5
defensive_moderate_band_near_50dma,Defensive Moderate Oversold Near 50DMA,AVGO,2,-0.007081915450101728,0.011542926139294363,0.05739571621222622,-0.006754147833866908,0.02828799723088593,0.0459354740361167,0.5
defensive_moderate_band_near_50dma,Defensive Moderate Oversold Near 50DMA,BA,2,-0.038795949612058234,-0.07394557904824112,-0.11433726936767857,-0.03135541311878115,-0.0724893706902291,-0.11435384493721779,0.0
defensive_moderate_band_near_50dma,Defensive Moderate Oversold Near 50DMA,CAT,2,0.03533968215917682,0.023973684728162303,0.04243301003096478,0.010982533825442231,0.0450399030073782,0.059066564403692956,0.5
defensive_moderate_band_near_50dma,Defensive Moderate Oversold Near 50DMA,COF,2,-0.0327873955029514,-0.053832271801387666,-0.038355527386237154,-0.03458024165751056,-0.03226920417965229,-0.014371948914937038,0.5
defensive_moderate_band_near_50dma,Defensive Moderate Oversold Near 50DMA,GS,2,0.0031043053927363173,-0.037578739598595534,-0.00952395257079408,-0.006287393619381743,-0.04258027911412954,-0.024210709936427988,0.5
defensive_moderate_band_near_50dma,Defensive Moderate Oversold Near 50DMA,INTU,2,0.0011416237791964656,0.019433311934306197,0.04006150382883339,0.008926717987147448,0.02050563572413938,0.03663366206823193,0.5
defensive_moderate_band_near_50dma,Defensive Moderate Oversold Near 50DMA,NKE,2,0.044280262269763504,0.07440407314494718,0.10293755607440169,0.06652393339789131,0.0935952668695848,0.10288595223824554,0.5
defensive_moderate_band_near_50dma,Defensive Moderate Oversold Near 50DMA,NOW,2,-0.0009060764911016372,-0.001353325846768061,0.08614076120023095,-0.006899989750331903,-0.015395169330904734,0.03607899496433897,0.5
defensive_moderate_band_near_50dma,Defensive Moderate Oversold Near 50DMA,PLTR,2,0.1861189486155847,0.3342263586729666,0.3537144167267048,0.15807463941272298,0.3285526873214902,0.3186743759222199,1.0
defensive_moderate_band_near_50dma,Defensive Moderate Oversold Near 50DMA,ABBV,1,0.005871079686422531,-0.0326100874911911,-0.030248821484920696,0.067574218740311,0.0025813725551147026,0.08659134953319958,0.0
defensive_moderate_band_near_50dma,Defensive Moderate Oversold Near 50DMA,ABT,1,-0.003368852297335967,0.039250975640808816,-0.021779996808134805,-0.01558782854253804,0.05293343959493113,0.08889622082246362,1.0
defensive_moderate_band_near_50dma,Defensive Moderate Oversold Near 50DMA,AMD,1,-0.05591035012283685,-0.09379878665887742,-0.08088554674186854,-0.03922857767565724,-0.05463063251953415,-0.04603293746730963,0.0
defensive_moderate_band_near_50dma,Defensive Moderate Oversold Near 50DMA,AMT,1,0.06883638553051963,0.012000767627226239,0.07334868587785626,0.06534796432675494,-0.03767706360844292,-0.007058480429733338,1.0
defensive_moderate_band_near_50dma,Defensive Moderate Oversold Near 50DMA,AMZN,1,-0.036596314685985454,-0.030983382285095673,-0.037943363648406114,-0.002305022242333088,0.004350695824657302,0.005102591819687308,0.0
defensive_moderate_band_near_50dma,Defensive Moderate Oversold Near 50DMA,AXP,1,0.0560874702607701,0.07692078145681758,0.11678852799799944,0.030356688878505178,0.04408192778994602,0.07673604345643792,1.0
defensive_moderate_band_near_50dma,Defensive Moderate Oversold Near 50DMA,BNY,1,0.006111999767879794,0.0568760337408345,0.04363327042860998,-0.016782706052558716,0.04000623224594224,0.04549760139224701,1.0
defensive_moderate_band_near_50dma,Defensive Moderate Oversold Near 50DMA,CMCSA,1,0.006102820453373292,0.07468760202319391,0.12438241959980889,0.01629887026597654,0.07773591136271618,0.08123325645940316,1.0
defensive_moderate_band_near_50dma,Defensive Moderate Oversold Near 50DMA,COST,1,-0.017416301105292797,-0.11731163101490882,-0.22502169244111647,-0.045671408961936555,-0.05854874449236891,-0.16412585921291656,0.0
defensive_moderate_band_near_50dma,Defensive Moderate Oversold Near 50DMA,CVX,1,-0.11745752059754344,-0.12276936406777905,-0.1434198647664231,-0.11884843064125272,-0.14007484807345627,-0.18386171705373555,0.0
defensive_moderate_band_near_50dma,Defensive Moderate Oversold Near 50DMA,DIS,1,-0.10121824317760753,-0.1102867190388237,-0.12833191116441056,-0.038832473016959024,-0.05382036173424831,-0.054905068607157714,0.0
defensive_moderate_band_near_50dma,Defensive Moderate Oversold Near 50DMA,IBM,1,-0.008918420991808285,-0.0012032713081409074,0.030223699811403604,0.0012776288207949626,0.001845038031381363,-0.01292546332900213,0.0
defensive_moderate_band_near_50dma,Defensive Moderate Oversold Near 50DMA,ISRG,1,-0.00057293316836593,0.026050449359119154,-0.0185637340648227,0.009623116644237317,0.029098758698641425,-0.061712897205228434,1.0
defensive_moderate_band_near_50dma,Defensive Moderate Oversold Near 50DMA,JPM,1,-0.028053671030212057,-0.1193632428938054,-0.0760462432271769,-0.008744657518891863,-0.05936730615544239,-0.0299434172482137,0.0
defensive_moderate_band_near_50dma,Defensive Moderate Oversold Near 50DMA,LLY,1,-0.059267841552263945,-0.0735260186167811,-0.05437379811310816,-0.05632850552713642,-0.017206423246254987,-0.01965948799508621,0.0
defensive_moderate_band_near_50dma,Defensive Moderate Oversold Near 50DMA,LOW,1,0.05052104447879491,-0.020177753673283005,-0.03897624559729429,0.024841229305595958,0.007217472352862964,0.032841524082220186,0.0
defensive_moderate_band_near_50dma,Defensive Moderate Oversold Near 50DMA,MCD,1,0.018710656439923756,0.024213754763569018,0.0009338584926006366,0.01663183247583011,0.036917907932628724,0.10315307817394159,1.0
defensive_moderate_band_near_50dma,Defensive Moderate Oversold Near 50DMA,MO,1,-0.03676471963198236,0.026206624541017298,0.010369517865138844,-0.006669139872067853,-0.007498464834114538,-0.014697711283569559,1.0
defensive_moderate_band_near_50dma,Defensive Moderate Oversold Near 50DMA,MS,1,-0.055703951787583694,-0.1301030343740165,-0.08546359646564305,-0.0363949382762635,-0.07010709763565348,-0.03936077048667985,0.0
defensive_moderate_band_near_50dma,Defensive Moderate Oversold Near 50DMA,NVDA,1,0.027383206862321208,0.05166464587947317,0.08068526928402786,-0.010384136119221177,0.021968443604166055,0.040305939889439424,1.0
defensive_moderate_band_near_50dma,Defensive Moderate Oversold Near 50DMA,PM,1,-0.07363960016678761,-0.08655361364337866,-0.07679417121492071,-0.04170785767756591,-0.07769274229762935,-0.12240090838993334,0.0
defensive_moderate_band_near_50dma,Defensive Moderate Oversold Near 50DMA,QCOM,1,0.025378492862808022,0.11804285741228648,0.094419688916213,0.0066573888350576205,0.08485342688219988,0.04451804992691666,1.0
defensive_moderate_band_near_50dma,Defensive Moderate Oversold Near 50DMA,SBUX,1,0.008689801586202917,0.022631733093591233,-0.05996942996650134,-0.008588602668314849,-0.012171924827510283,-0.08346803263461433,1.0
defensive_moderate_band_near_50dma,Defensive Moderate Oversold Near 50DMA,SPG,1,-0.028547318671908295,-0.031636066728497836,-0.0637401515538858,0.005743973771744071,0.0036980113812551396,-0.02069419608579237,0.0
defensive_moderate_band_near_50dma,Defensive Moderate Oversold Near 50DMA,TMO,1,-0.04888754566195186,-0.046510382473320844,-0.09567753791480871,-0.02728791228817884,0.007123405614685385,-0.004803761898097836,0.0
defensive_moderate_band_near_50dma,Defensive Moderate Oversold Near 50DMA,UNH,1,-0.00862367691532262,-0.017548394972278225,0.0073333412088374406,0.010752962344897421,0.049131177740991516,0.03431449584591473,0.0
defensive_moderate_band_near_50dma,Defensive Moderate Oversold Near 50DMA,USB,1,0.01751867984188271,0.049676112322562194,0.09743224266126194,-0.020573731693673603,-0.020322903446868823,0.02195590195103092,1.0
defensive_moderate_band_near_50dma,Defensive Moderate Oversold Near 50DMA,XOM,1,0.07169767238106362,0.03317530316157691,0.11933405742581882,0.0710247601599876,0.07405492228225852,0.13803148272064436,1.0
defensive_spy_below_ma50_reclaim_20dma,Defensive SPY Stress + 20DMA Reclaim,PLTR,1,-0.11057687899064572,0.1298076878990646,0.19831738374113606,-0.09775910731915305,0.0984123956872962,0.1390675529590626,1.0
defensive_spy_below_ma50_reclaim_20dma,Defensive SPY Stress + 20DMA Reclaim,WMT,1,0.010253564426996542,-0.011684295757326546,0.0014307313303294489,0.0044064826281360325,-0.005646699912214337,0.02100895648716361,0.0
defensive_v1,Defensive v1 Oversold Rebound,LRCX,7,0.030847426321327087,0.06210641452069564,0.07295112367615665,0.032304091365561685,0.060407715967428256,0.06696418818392376,0.8571428571428571
defensive_v1,Defensive v1 Oversold Rebound,TSLA,6,-0.0314767942365099,-0.05195507923533219,-0.0509351087924518,-0.0316427167005906,-0.03644227039195506,-0.0485617670655612,0.5
defensive_v1,Defensive v1 Oversold Rebound,AMZN,5,0.011484852315944783,0.0016133210382554219,-0.006792575483619112,0.005649430995299909,0.0037927597623036435,0.0009319386707545618,0.4
defensive_v1,Defensive v1 Oversold Rebound,INTC,5,0.01691312450735516,0.0633920757483194,0.06641303709585211,0.010488626841537951,0.04673227633026176,0.04925681187596147,0.8
defensive_v1,Defensive v1 Oversold Rebound,LLY,5,-0.04064825506180558,-0.019554212280155837,-0.009104851199263209,-0.043190601326830905,-0.005846392920076937,0.011527380313679858,0.4
defensive_v1,Defensive v1 Oversold Rebound,NVDA,5,-0.010605582695901773,-0.0056302792689416625,-0.007511508035808978,-0.01719761085285898,-0.01902984971236501,-0.02880778191193125,0.8
defensive_v1,Defensive v1 Oversold Rebound,PLTR,5,0.06570281853038565,0.10110371998083723,0.15010161201627412,0.048324278869712314,0.09335806902768704,0.11773874371188209,0.4
defensive_v1,Defensive v1 Oversold Rebound,UBER,5,0.0013074125703124828,-0.012813023821481594,0.017358174629011902,0.00152738759462554,-0.006180057577844389,0.044688972017381666,0.6
defensive_v1,Defensive v1 Oversold Rebound,AXP,4,0.03671984972302664,0.05945889716837405,0.09903414476401706,0.012750554817040988,0.02246498631470359,0.04631463829186966,1.0
defensive_v1,Defensive v1 Oversold Rebound,AMAT,3,0.026989362107288344,0.0896374416546268,0.09638670752786198,0.0325906345853341,0.0825139127678421,0.09167433993851441,0.6666666666666666
defensive_v1,Defensive v1 Oversold Rebound,AMD,3,-0.010081468983496563,-0.014083350189023366,0.0038546498440295007,-0.00090638875448427,-0.010168903224519243,-0.00252218522246254,0.3333333333333333
defensive_v1,Defensive v1 Oversold Rebound,AMT,3,-0.0057961965380651055,-0.028130223798075577,0.005247698788851822,-0.014268070231705546,-0.0375614335408622,-0.022630976776388183,0.3333333333333333
defensive_v1,Defensive v1 Oversold Rebound,BA,3,-0.03697581069222433,-0.06340558338560842,-0.13064660916278026,-0.03401156000056793,-0.05674499955154555,-0.1073014611951935,0.0
defensive_v1,Defensive v1 Oversold Rebound,CAT,3,0.03745032272679771,0.05303391133416935,0.08524790489523815,0.011189191976061682,0.05288846118444235,0.07965225506225915,0.6666666666666666
defensive_v1,Defensive v1 Oversold Rebound,GM,3,0.009723844865519434,-0.06881778328707529,-0.08026613715513069,-0.01589826555294238,-0.05942252196700618,-0.09119337796289755,0.3333333333333333
defensive_v1,Defensive v1 Oversold Rebound,GS,3,0.015421163511742794,-0.007362628066771164,0.004204462416471951,0.004092616544307852,-0.01596344406600947,-0.003362985502878798,0.6666666666666666
defensive_v1,Defensive v1 Oversold Rebound,INTU,3,-0.008349856596724789,0.0030867873259957657,0.03499193945490361,0.00023888947944361583,0.004817772965725313,0.01832365723436739,0.3333333333333333
defensive_v1,Defensive v1 Oversold Rebound,JPM,3,0.01517724580368677,0.0027421912818270666,0.024265584009811825,0.012041636551724041,-0.004299166258087979,0.0064656934821166745,0.6666666666666666
defensive_v1,Defensive v1 Oversold Rebound,MU,3,0.061452307292347776,0.00601319381902606,0.032492707865214666,0.03341636364315267,-0.00793765889462498,0.012315166499518285,0.3333333333333333
defensive_v1,Defensive v1 Oversold Rebound,NFLX,3,0.017858128700587745,-0.040560975296258316,0.0482731941537348,-0.0008611022204520665,-0.022889355341304318,0.038150439801615366,0.3333333333333333
defensive_v1,Defensive v1 Oversold Rebound,NOW,3,-0.01964675124769581,-0.017313925264145952,0.055322990637226566,-0.005162887230800384,-0.00507987625267677,0.0415087200854329,0.3333333333333333
defensive_v1,Defensive v1 Oversold Rebound,QCOM,3,-0.006243341673789186,0.015163520835239938,-0.001471004968689053,0.0004437231754647423,0.0252777941994002,0.008274489163778006,0.3333333333333333
defensive_v1,Defensive v1 Oversold Rebound,SBUX,3,-0.02012190360131357,-0.01307060362066359,-0.03130633014835271,-0.020397944227109128,-0.013835902911566852,-0.029709613904624826,0.6666666666666666
defensive_v1,Defensive v1 Oversold Rebound,USB,3,0.0019026721183957134,0.034892780649037634,0.03290616048151932,-0.021076234293666007,-0.005281515782641133,-0.0007568058884078003,1.0
defensive_v1,Defensive v1 Oversold Rebound,ACN,2,-0.030089569953052453,-0.0788976122529238,-0.07612716112070467,-0.03324115790954191,-0.031860212883215944,-0.026727698962408786,0.0
defensive_v1,Defensive v1 Oversold Rebound,ADBE,2,-0.007186824630594724,-0.062220482693797874,-0.06400950813387285,-0.010898223993439538,-0.05854500513999694,-0.07209608161805581,0.0
defensive_v1,Defensive v1 Oversold Rebound,AVGO,2,-0.007081915450101728,0.011542926139294363,0.05739571621222622,-0.006754147833866908,0.02828799723088593,0.0459354740361167,0.5
defensive_v1,Defensive v1 Oversold Rebound,COF,2,-0.0327873955029514,-0.053832271801387666,-0.038355527386237154,-0.03458024165751056,-0.03226920417965229,-0.014371948914937038,0.5
defensive_v1,Defensive v1 Oversold Rebound,COP,2,0.06051179662236045,0.04605158768920531,0.07560293083277464,0.04029246276346082,0.03780758796519351,0.04176348241036676,0.5
defensive_v1,Defensive v1 Oversold Rebound,COST,2,-0.00710017932098983,-0.07931063179444592,-0.13890253281616938,-0.029163421234168152,-0.04111599211030553,-0.09609323517377855,0.0
defensive_v1,Defensive v1 Oversold Rebound,DIS,2,-0.06442021514656654,-0.08261806601122168,-0.10073335062741129,-0.02967069092399449,-0.04302861767848193,-0.05834177546649211,0.0
defensive_v1,Defensive v1 Oversold Rebound,LOW,2,0.015667714975383273,-0.0205158620066353,-0.0054116689536804485,0.0256647010798704,0.029985367904608762,0.060025679883708605,0.0
defensive_v1,Defensive v1 Oversold Rebound,MS,2,0.00146173027566876,-0.03562283071548883,0.002100959804332281,0.01580452216550282,-0.01118535914064589,0.013139294367905063,0.5
defensive_v1,Defensive v1 Oversold Rebound,NKE,2,0.044280262269763504,0.07440407314494718,0.10293755607440169,0.06652393339789131,0.0935952668695848,0.10288595223824554,0.5
defensive_v1,Defensive v1 Oversold Rebound,PM,2,-0.023053450947605247,-0.06348505276199223,-0.05734049837153915,0.0004156378095692692,-0.04134885741030059,-0.05167040124822525,0.0
defensive_v1,Defensive v1 Oversold Rebound,SPG,2,-0.013022490887102611,-0.016476524564823014,-0.02001703320797621,-0.005660417387685246,-0.008702378416931444,-0.012923452482206,0.0
defensive_v1,Defensive v1 Oversold Rebound,T,2,0.026456347871495756,0.030686810625090266,0.016147551727774823,-0.010752937413875951,-5.235331913511221e-05,-0.016746637743692228,0.5
defensive_v1,Defensive v1 Oversold Rebound,TMO,2,-0.019043791856355463,-0.047797684145562014,-0.10020573142530398,-0.011062182718187707,0.0021094407551407457,-0.015121533261458597,0.0
defensive_v1,Defensive v1 Oversold Rebound,AAPL,1,-0.003735196072436553,-0.04596106265540978,-0.047670383122520366,-0.029415011245635503,-0.01856583662926381,0.02414738655699411,0.0
defensive_v1,Defensive v1 Oversold Rebound,ABBV,1,0.005871079686422531,-0.0326100874911911,-0.030248821484920696,0.067574218740311,0.0025813725551147026,0.08659134953319958,0.0
defensive_v1,Defensive v1 Oversold Rebound,ABT,1,-0.003368852297335967,0.039250975640808816,-0.021779996808134805,-0.01558782854253804,0.05293343959493113,0.08889622082246362,1.0
defensive_v1,Defensive v1 Oversold Rebound,AMGN,1,0.03669410475419155,0.05667773600816561,0.08484429450494324,0.07821869369257739,0.07603504775242731,0.13885743147271057,1.0
defensive_v1,Defensive v1 Oversold Rebound,BNY,1,0.006111999767879794,0.0568760337408345,0.04363327042860998,-0.016782706052558716,0.04000623224594224,0.04549760139224701,1.0
defensive_v1,Defensive v1 Oversold Rebound,BRK-B,1,0.07212156383007984,0.06936095707641798,0.08243338775585052,-0.010721598946048516,-0.009071147061004092,-0.03450982396715774,1.0
defensive_v1,Defensive v1 Oversold Rebound,C,1,-0.0015663391580947872,-0.015663391580948316,0.012083260955944919,0.015115433289084823,0.023504762558394954,0.04693587023050383,0.0
defensive_v1,Defensive v1 Oversold Rebound,CMCSA,1,0.006102820453373292,0.07468760202319391,0.12438241959980889,0.01629887026597654,0.07773591136271618,0.08123325645940316,1.0
defensive_v1,Defensive v1 Oversold Rebound,CRM,1,0.036623090213282916,-0.001843029513782568,0.05404278539129681,0.02878020691524541,-0.003705431126529879,0.016454868444194748,0.0
defensive_v1,Defensive v1 Oversold Rebound,CSCO,1,0.011580994239682951,0.03344176637413532,-0.0083279037391778,0.010642212210438373,0.026650413410713947,-0.0032234219368308947,1.0
defensive_v1,Defensive v1 Oversold Rebound,CVX,1,-0.11745752059754344,-0.12276936406777905,-0.1434198647664231,-0.11884843064125272,-0.14007484807345627,-0.18386171705373555,0.0
defensive_v1,Defensive v1 Oversold Rebound,EMR,1,0.03292277622133333,-0.046335848710812866,-0.09962206542524266,0.007242961048134378,-0.018940622684666897,-0.02780429574572818,0.0
defensive_v1,Defensive v1 Oversold Rebound,FDX,1,0.019955482157351767,0.056205560401018095,0.06327613724153158,-0.022294554361372843,0.008019477083116566,0.011076099745140233,1.0
defensive_v1,Defensive v1 Oversold Rebound,GD,1,0.08938687616952556,0.04453623176757593,0.0696540945198032,0.00654371339339721,-0.03389587236984615,-0.047289117203205056,1.0
defensive_v1,Defensive v1 Oversold Rebound,GE,1,0.06123501021941813,0.15201389247856012,0.2749281911061374,0.057603609443910964,0.14217225030163094,0.2341408629441908,1.0
defensive_v1,Defensive v1 Oversold Rebound,IBM,1,-0.008918420991808285,-0.0012032713081409074,0.030223699811403604,0.0012776288207949626,0.001845038031381363,-0.01292546332900213,0.0
defensive_v1,Defensive v1 Oversold Rebound,ISRG,1,-0.00057293316836593,0.026050449359119154,-0.0185637340648227,0.009623116644237317,0.029098758698641425,-0.061712897205228434,1.0
defensive_v1,Defensive v1 Oversold Rebound,LIN,1,0.03201862115604981,0.051256426263257104,0.10893652567468282,0.034284731018398684,0.03949323054794829,0.046199378256637,1.0
defensive_v1,Defensive v1 Oversold Rebound,MCD,1,0.018710656439923756,0.024213754763569018,0.0009338584926006366,0.01663183247583011,0.036917907932628724,0.10315307817394159,1.0
defensive_v1,Defensive v1 Oversold Rebound,MDLZ,1,0.024500329389634867,0.019342371779996537,-0.05754351454128881,-0.015835200960138796,-0.02807266442368217,0.0005286852238245432,1.0
defensive_v1,Defensive v1 Oversold Rebound,META,1,-0.0020213269763454944,-0.007350220437450372,-0.08397642972175934,0.04267618590050504,0.02477685697577281,-0.027046950798673364,0.0
defensive_v1,Defensive v1 Oversold Rebound,MO,1,-0.020701515320357022,0.044661719624932594,0.031627402411163796,-0.01336093085358192,0.01160365431992827,-0.014760965782011803,1.0
defensive_v1,Defensive v1 Oversold Rebound,MRK,1,0.017656722281671033,0.06205067615255677,0.10190442348036832,-0.007209813620613126,0.027115282789339945,0.06396125297421595,1.0
defensive_v1,Defensive v1 Oversold Rebound,NEE,1,-0.0371485543088198,-0.051961639889767985,-0.09593797667158865,-0.03420921828369228,0.0043579554807581244,-0.0612236665535667,0.0
defensive_v1,Defensive v1 Oversold Rebound,ORCL,1,-0.042840880747296195,-0.07014314139489242,-0.03467653806204407,-0.013632811116805477,-0.03430403566862539,-0.0034836591469740164,0.0
defensive_v1,Defensive v1 Oversold Rebound,SCHW,1,-0.005113676031523795,-0.02758707427956586,-0.008747058509480543,-0.00015714454217519158,-0.023324163973932666,-0.011504404048674366,0.0
defensive_v1,Defensive v1 Oversold Rebound,TMUS,1,0.0744546794837122,0.06338916262930461,0.07271581427235918,0.07746104713070256,0.06853159971859102,0.0477421831651621,1.0
defensive_v1,Defensive v1 Oversold Rebound,TXN,1,0.027563804345889675,-0.005416521036576416,-0.0293091614627059,0.0018839891726907254,0.021978704989569553,0.042508608216808574,0.0
defensive_v1,Defensive v1 Oversold Rebound,UNH,1,-0.00862367691532262,-0.017548394972278225,0.0073333412088374406,0.010752962344897421,0.049131177740991516,0.03431449584591473,0.0
defensive_v1,Defensive v1 Oversold Rebound,XOM,1,0.07169767238106362,0.03317530316157691,0.11933405742581882,0.0710247601599876,0.07405492228225852,0.13803148272064436,1.0
stress_moderate_reclaim_50dma,Stress Moderate Band + 50DMA Reclaim,NOW,2,0.00994674535854645,-0.00766394671587417,0.08079878931645401,0.0024666556583848864,-0.025624859212669826,0.03642730169054487,0.5
stress_moderate_reclaim_50dma,Stress Moderate Band + 50DMA Reclaim,ABT,1,-0.003368852297335967,0.039250975640808816,-0.021779996808134805,-0.01558782854253804,0.05293343959493113,0.08889622082246362,1.0
stress_moderate_reclaim_50dma,Stress Moderate Band + 50DMA Reclaim,AXP,1,0.0560874702607701,0.07692078145681758,0.11678852799799944,0.030356688878505178,0.04408192778994602,0.07673604345643792,1.0
stress_moderate_reclaim_50dma,Stress Moderate Band + 50DMA Reclaim,BNY,1,0.006111999767879794,0.0568760337408345,0.04363327042860998,-0.016782706052558716,0.04000623224594224,0.04549760139224701,1.0
stress_moderate_reclaim_50dma,Stress Moderate Band + 50DMA Reclaim,CAT,1,0.04033459222855851,-0.040895493201687616,-0.028136119291263695,0.01207948437191475,0.0178673933208523,0.03275971393693622,0.0
stress_moderate_reclaim_50dma,Stress Moderate Band + 50DMA Reclaim,GS,1,0.046191147046738656,0.057675120256014845,0.07877165677505227,0.008098735511182342,-0.012323895513416172,0.003295316064821252,1.0
stress_moderate_reclaim_50dma,Stress Moderate Band + 50DMA Reclaim,IBM,1,-0.008918420991808285,-0.0012032713081409074,0.030223699811403604,0.0012776288207949626,0.001845038031381363,-0.01292546332900213,0.0
stress_moderate_reclaim_50dma,Stress Moderate Band + 50DMA Reclaim,PM,1,-0.07363960016678761,-0.08655361364337866,-0.07679417121492071,-0.04170785767756591,-0.07769274229762935,-0.12240090838993334,0.0
stress_moderate_reclaim_50dma,Stress Moderate Band + 50DMA Reclaim,SBUX,1,0.008689801586202917,0.022631733093591233,-0.05996942996650134,-0.008588602668314849,-0.012171924827510283,-0.08346803263461433,1.0
stress_moderate_reclaim_50dma,Stress Moderate Band + 50DMA Reclaim,USB,1,0.01751867984188271,0.049676112322562194,0.09743224266126194,-0.020573731693673603,-0.020322903446868823,0.02195590195103092,1.0
stress_moderate_sector_confirmed,Stress Moderate Band + Sector Confirmed,ABBV,1,0.005871079686422531,-0.0326100874911911,-0.030248821484920696,0.067574218740311,0.0025813725551147026,0.08659134953319958,0.0
stress_moderate_sector_confirmed,Stress Moderate Band + Sector Confirmed,BA,1,0.013369146571686752,-0.025738802945336037,-0.06753303131602495,0.04766043901533912,0.009595275164416939,-0.024487075847931528,0.0
stress_moderate_sector_confirmed,Stress Moderate Band + Sector Confirmed,CAT,1,0.030344772089795136,0.08884286265801222,0.11300213935319325,0.009885583278969712,0.0722124126939041,0.0853734148704497,1.0
stress_v1,Stress-Regime v1 Oversold Rebound,LRCX,8,0.024681971665357946,0.05530728216294553,0.06969571991862221,0.027562086056522356,0.05814492003085463,0.06962222904102931,0.875
stress_v1,Stress-Regime v1 Oversold Rebound,PLTR,6,0.06950161489093167,0.10840502522637317,0.16951682744685495,0.05070926935116695,0.09032654187055571,0.13028351517613304,0.5
stress_v1,Stress-Regime v1 Oversold Rebound,TSLA,6,-0.0314767942365099,-0.05195507923533219,-0.0509351087924518,-0.0316427167005906,-0.03644227039195506,-0.0485617670655612,0.5
stress_v1,Stress-Regime v1 Oversold Rebound,UBER,6,0.0004163158972123974,-0.006532118256230568,0.0244566408470908,-0.0014766691511388836,-0.006585006782769261,0.042129533885487125,0.6666666666666666
stress_v1,Stress-Regime v1 Oversold Rebound,AMZN,5,0.011484852315944783,0.0016133210382554219,-0.006792575483619112,0.005649430995299909,0.0037927597623036435,0.0009319386707545618,0.4
stress_v1,Stress-Regime v1 Oversold Rebound,AXP,5,0.030168990487910753,0.04183226709320827,0.07758006296104766,0.007327768192707107,0.01026129024513216,0.026755642545123526,0.8
stress_v1,Stress-Regime v1 Oversold Rebound,INTC,5,0.01691312450735516,0.0633920757483194,0.06641303709585211,0.010488626841537951,0.04673227633026176,0.04925681187596147,0.8
stress_v1,Stress-Regime v1 Oversold Rebound,LLY,5,-0.04064825506180558,-0.019554212280155837,-0.009104851199263209,-0.043190601326830905,-0.005846392920076937,0.011527380313679858,0.4
stress_v1,Stress-Regime v1 Oversold Rebound,NVDA,5,-0.010605582695901773,-0.0056302792689416625,-0.007511508035808978,-0.01719761085285898,-0.01902984971236501,-0.02880778191193125,0.8
stress_v1,Stress-Regime v1 Oversold Rebound,AMAT,4,0.025582192541569154,0.08408210108144745,0.06062129339869474,0.033188866587065574,0.08717636522964267,0.07415251061322695,0.75
stress_v1,Stress-Regime v1 Oversold Rebound,CAT,4,0.02630005938322355,0.038668769712437934,0.050673672258481045,0.010009931007133627,0.04699659291342642,0.06354242779028968,0.5
stress_v1,Stress-Regime v1 Oversold Rebound,AMD,3,-0.010081468983496563,-0.014083350189023366,0.0038546498440295007,-0.00090638875448427,-0.010168903224519243,-0.00252218522246254,0.3333333333333333
stress_v1,Stress-Regime v1 Oversold Rebound,AMT,3,-0.0057961965380651055,-0.028130223798075577,0.005247698788851822,-0.014268070231705546,-0.0375614335408622,-0.022630976776388183,0.3333333333333333
stress_v1,Stress-Regime v1 Oversold Rebound,BA,3,-0.03697581069222433,-0.06340558338560842,-0.13064660916278026,-0.03401156000056793,-0.05674499955154555,-0.1073014611951935,0.0
stress_v1,Stress-Regime v1 Oversold Rebound,FDX,3,0.013321731637627399,0.039501002141318096,0.03711681842630558,-0.00037324942322232896,0.023527467993923173,0.03226525356574202,0.6666666666666666
stress_v1,Stress-Regime v1 Oversold Rebound,GM,3,0.009723844865519434,-0.06881778328707529,-0.08026613715513069,-0.01589826555294238,-0.05942252196700618,-0.09119337796289755,0.3333333333333333
stress_v1,Stress-Regime v1 Oversold Rebound,GS,3,0.015421163511742794,-0.007362628066771164,0.004204462416471951,0.004092616544307852,-0.01596344406600947,-0.003362985502878798,0.6666666666666666
stress_v1,Stress-Regime v1 Oversold Rebound,INTU,3,-0.008349856596724789,0.0030867873259957657,0.03499193945490361,0.00023888947944361583,0.004817772965725313,0.01832365723436739,0.3333333333333333
stress_v1,Stress-Regime v1 Oversold Rebound,JPM,3,0.01517724580368677,0.0027421912818270666,0.024265584009811825,0.012041636551724041,-0.004299166258087979,0.0064656934821166745,0.6666666666666666
stress_v1,Stress-Regime v1 Oversold Rebound,MU,3,0.061452307292347776,0.00601319381902606,0.032492707865214666,0.03341636364315267,-0.00793765889462498,0.012315166499518285,0.3333333333333333
stress_v1,Stress-Regime v1 Oversold Rebound,NFLX,3,0.017858128700587745,-0.040560975296258316,0.0482731941537348,-0.0008611022204520665,-0.022889355341304318,0.038150439801615366,0.3333333333333333
stress_v1,Stress-Regime v1 Oversold Rebound,NOW,3,-0.01964675124769581,-0.017313925264145952,0.055322990637226566,-0.005162887230800384,-0.00507987625267677,0.0415087200854329,0.3333333333333333
stress_v1,Stress-Regime v1 Oversold Rebound,QCOM,3,-0.006243341673789186,0.015163520835239938,-0.001471004968689053,0.0004437231754647423,0.0252777941994002,0.008274489163778006,0.3333333333333333
stress_v1,Stress-Regime v1 Oversold Rebound,SBUX,3,-0.02012190360131357,-0.01307060362066359,-0.03130633014835271,-0.020397944227109128,-0.013835902911566852,-0.029709613904624826,0.6666666666666666
stress_v1,Stress-Regime v1 Oversold Rebound,USB,3,0.0019026721183957134,0.034892780649037634,0.03290616048151932,-0.021076234293666007,-0.005281515782641133,-0.0007568058884078003,1.0
stress_v1,Stress-Regime v1 Oversold Rebound,ACN,2,-0.030089569953052453,-0.0788976122529238,-0.07612716112070467,-0.03324115790954191,-0.031860212883215944,-0.026727698962408786,0.0
stress_v1,Stress-Regime v1 Oversold Rebound,ADBE,2,-0.007186824630594724,-0.062220482693797874,-0.06400950813387285,-0.010898223993439538,-0.05854500513999694,-0.07209608161805581,0.0
stress_v1,Stress-Regime v1 Oversold Rebound,AVGO,2,-0.007081915450101728,0.011542926139294363,0.05739571621222622,-0.006754147833866908,0.02828799723088593,0.0459354740361167,0.5
stress_v1,Stress-Regime v1 Oversold Rebound,COF,2,-0.0327873955029514,-0.053832271801387666,-0.038355527386237154,-0.03458024165751056,-0.03226920417965229,-0.014371948914937038,0.5
stress_v1,Stress-Regime v1 Oversold Rebound,COP,2,0.06051179662236045,0.04605158768920531,0.07560293083277464,0.04029246276346082,0.03780758796519351,0.04176348241036676,0.5
stress_v1,Stress-Regime v1 Oversold Rebound,COST,2,-0.00710017932098983,-0.07931063179444592,-0.13890253281616938,-0.029163421234168152,-0.04111599211030553,-0.09609323517377855,0.0
stress_v1,Stress-Regime v1 Oversold Rebound,DIS,2,-0.06442021514656654,-0.08261806601122168,-0.10073335062741129,-0.02967069092399449,-0.04302861767848193,-0.05834177546649211,0.0
stress_v1,Stress-Regime v1 Oversold Rebound,LOW,2,0.015667714975383273,-0.0205158620066353,-0.0054116689536804485,0.0256647010798704,0.029985367904608762,0.060025679883708605,0.0
stress_v1,Stress-Regime v1 Oversold Rebound,MS,2,0.00146173027566876,-0.03562283071548883,0.002100959804332281,0.01580452216550282,-0.01118535914064589,0.013139294367905063,0.5
stress_v1,Stress-Regime v1 Oversold Rebound,NKE,2,0.044280262269763504,0.07440407314494718,0.10293755607440169,0.06652393339789131,0.0935952668695848,0.10288595223824554,0.5
stress_v1,Stress-Regime v1 Oversold Rebound,PM,2,-0.023053450947605247,-0.06348505276199223,-0.05734049837153915,0.0004156378095692692,-0.04134885741030059,-0.05167040124822525,0.0
stress_v1,Stress-Regime v1 Oversold Rebound,SPG,2,-0.013022490887102611,-0.016476524564823014,-0.02001703320797621,-0.005660417387685246,-0.008702378416931444,-0.012923452482206,0.0
stress_v1,Stress-Regime v1 Oversold Rebound,T,2,0.026456347871495756,0.030686810625090266,0.016147551727774823,-0.010752937413875951,-5.235331913511221e-05,-0.016746637743692228,0.5
stress_v1,Stress-Regime v1 Oversold Rebound,TMO,2,-0.019043791856355463,-0.047797684145562014,-0.10020573142530398,-0.011062182718187707,0.0021094407551407457,-0.015121533261458597,0.0
stress_v1,Stress-Regime v1 Oversold Rebound,AAPL,1,-0.003735196072436553,-0.04596106265540978,-0.047670383122520366,-0.029415011245635503,-0.01856583662926381,0.02414738655699411,0.0
stress_v1,Stress-Regime v1 Oversold Rebound,ABBV,1,0.005871079686422531,-0.0326100874911911,-0.030248821484920696,0.067574218740311,0.0025813725551147026,0.08659134953319958,0.0
stress_v1,Stress-Regime v1 Oversold Rebound,ABT,1,-0.003368852297335967,0.039250975640808816,-0.021779996808134805,-0.01558782854253804,0.05293343959493113,0.08889622082246362,1.0
stress_v1,Stress-Regime v1 Oversold Rebound,AMGN,1,0.03669410475419155,0.05667773600816561,0.08484429450494324,0.07821869369257739,0.07603504775242731,0.13885743147271057,1.0
stress_v1,Stress-Regime v1 Oversold Rebound,BNY,1,0.006111999767879794,0.0568760337408345,0.04363327042860998,-0.016782706052558716,0.04000623224594224,0.04549760139224701,1.0
stress_v1,Stress-Regime v1 Oversold Rebound,BRK-B,1,0.07212156383007984,0.06936095707641798,0.08243338775585052,-0.010721598946048516,-0.009071147061004092,-0.03450982396715774,1.0
stress_v1,Stress-Regime v1 Oversold Rebound,C,1,-0.0015663391580947872,-0.015663391580948316,0.012083260955944919,0.015115433289084823,0.023504762558394954,0.04693587023050383,0.0
stress_v1,Stress-Regime v1 Oversold Rebound,CMCSA,1,0.006102820453373292,0.07468760202319391,0.12438241959980889,0.01629887026597654,0.07773591136271618,0.08123325645940316,1.0
stress_v1,Stress-Regime v1 Oversold Rebound,CRM,1,0.036623090213282916,-0.001843029513782568,0.05404278539129681,0.02878020691524541,-0.003705431126529879,0.016454868444194748,0.0
stress_v1,Stress-Regime v1 Oversold Rebound,CSCO,1,0.011580994239682951,0.03344176637413532,-0.0083279037391778,0.010642212210438373,0.026650413410713947,-0.0032234219368308947,1.0
stress_v1,Stress-Regime v1 Oversold Rebound,CVX,1,-0.11745752059754344,-0.12276936406777905,-0.1434198647664231,-0.11884843064125272,-0.14007484807345627,-0.18386171705373555,0.0
stress_v1,Stress-Regime v1 Oversold Rebound,EMR,1,0.03292277622133333,-0.046335848710812866,-0.09962206542524266,0.007242961048134378,-0.018940622684666897,-0.02780429574572818,0.0
stress_v1,Stress-Regime v1 Oversold Rebound,GD,1,0.08938687616952556,0.04453623176757593,0.0696540945198032,0.00654371339339721,-0.03389587236984615,-0.047289117203205056,1.0
stress_v1,Stress-Regime v1 Oversold Rebound,GE,1,0.06123501021941813,0.15201389247856012,0.2749281911061374,0.057603609443910964,0.14217225030163094,0.2341408629441908,1.0
stress_v1,Stress-Regime v1 Oversold Rebound,IBM,1,-0.008918420991808285,-0.0012032713081409074,0.030223699811403604,0.0012776288207949626,0.001845038031381363,-0.01292546332900213,0.0
stress_v1,Stress-Regime v1 Oversold Rebound,ISRG,1,-0.00057293316836593,0.026050449359119154,-0.0185637340648227,0.009623116644237317,0.029098758698641425,-0.061712897205228434,1.0
stress_v1,Stress-Regime v1 Oversold Rebound,LIN,1,0.03201862115604981,0.051256426263257104,0.10893652567468282,0.034284731018398684,0.03949323054794829,0.046199378256637,1.0
stress_v1,Stress-Regime v1 Oversold Rebound,MCD,1,0.018710656439923756,0.024213754763569018,0.0009338584926006366,0.01663183247583011,0.036917907932628724,0.10315307817394159,1.0
stress_v1,Stress-Regime v1 Oversold Rebound,MDLZ,1,0.024500329389634867,0.019342371779996537,-0.05754351454128881,-0.015835200960138796,-0.02807266442368217,0.0005286852238245432,1.0
stress_v1,Stress-Regime v1 Oversold Rebound,META,1,-0.0020213269763454944,-0.007350220437450372,-0.08397642972175934,0.04267618590050504,0.02477685697577281,-0.027046950798673364,0.0
stress_v1,Stress-Regime v1 Oversold Rebound,MO,1,-0.020701515320357022,0.044661719624932594,0.031627402411163796,-0.01336093085358192,0.01160365431992827,-0.014760965782011803,1.0
stress_v1,Stress-Regime v1 Oversold Rebound,MRK,1,0.017656722281671033,0.06205067615255677,0.10190442348036832,-0.007209813620613126,0.027115282789339945,0.06396125297421595,1.0
stress_v1,Stress-Regime v1 Oversold Rebound,NEE,1,-0.0371485543088198,-0.051961639889767985,-0.09593797667158865,-0.03420921828369228,0.0043579554807581244,-0.0612236665535667,0.0
stress_v1,Stress-Regime v1 Oversold Rebound,ORCL,1,-0.042840880747296195,-0.07014314139489242,-0.03467653806204407,-0.013632811116805477,-0.03430403566862539,-0.0034836591469740164,0.0
stress_v1,Stress-Regime v1 Oversold Rebound,SCHW,1,-0.005113676031523795,-0.02758707427956586,-0.008747058509480543,-0.00015714454217519158,-0.023324163973932666,-0.011504404048674366,0.0
stress_v1,Stress-Regime v1 Oversold Rebound,TMUS,1,0.0744546794837122,0.06338916262930461,0.07271581427235918,0.07746104713070256,0.06853159971859102,0.0477421831651621,1.0
stress_v1,Stress-Regime v1 Oversold Rebound,TXN,1,0.027563804345889675,-0.005416521036576416,-0.0293091614627059,0.0018839891726907254,0.021978704989569553,0.042508608216808574,0.0
stress_v1,Stress-Regime v1 Oversold Rebound,UNH,1,-0.00862367691532262,-0.017548394972278225,0.0073333412088374406,0.010752962344897421,0.049131177740991516,0.03431449584591473,0.0
stress_v1,Stress-Regime v1 Oversold Rebound,XOM,1,0.07169767238106362,0.03317530316157691,0.11933405742581882,0.0710247601599876,0.07405492228225852,0.13803148272064436,1.0
v1_baseline_current,Current v1 Oversold Rebound,LRCX,11,0.019579689859354786,0.03306851118439265,0.057581842215277644,0.022204789231229774,0.04033806578933096,0.05824065880723472,0.8181818181818182
v1_baseline_current,Current v1 Oversold Rebound,PLTR,11,0.03117952790578158,0.04502500782004812,0.06970044771176435,0.01553063105091813,0.03219787010304178,0.045835015225696885,0.36363636363636365
v1_baseline_current,Current v1 Oversold Rebound,TSLA,10,-0.023297516248319515,-0.03088985505450619,-0.024749704696025766,-0.023004002284379023,-0.022125333190897788,-0.02914688533043066,0.5
v1_baseline_current,Current v1 Oversold Rebound,BA,9,-0.011445636593989537,-0.014868899047311035,-0.03924893514011053,-0.013974051555906166,-0.022720750079111958,-0.0481736180479663,0.4444444444444444
v1_baseline_current,Current v1 Oversold Rebound,AMAT,8,0.003733475874529865,0.030973863050208605,0.021408122235674648,0.01369710792097284,0.04425896877924658,0.038377823047816895,0.625
v1_baseline_current,Current v1 Oversold Rebound,AMZN,7,0.0032025249161217184,-0.012087333786583712,-0.009956160226552277,-0.0025444121831001026,-0.010852028976418586,-0.008102384038338977,0.2857142857142857
v1_baseline_current,Current v1 Oversold Rebound,FDX,7,0.014583152280823741,0.014756028725652293,0.03140580564418587,0.0059739991199159025,0.014312117294545798,0.02947471778041758,0.5714285714285714
v1_baseline_current,Current v1 Oversold Rebound,AMD,6,-0.014082951131948074,-0.01024710202194388,0.013379967002467389,-0.00983840547616118,-0.008720124756468606,-0.0014051152540863014,0.3333333333333333
v1_baseline_current,Current v1 Oversold Rebound,INTC,6,0.012955189895677954,0.035440640473015116,0.04449288153901485,0.00792003755161134,0.02576866165148084,0.031654220523688326,0.6666666666666666
v1_baseline_current,Current v1 Oversold Rebound,MU,6,0.04743265295200372,-0.005085468286486335,0.0077808064884097305,0.022483462461756736,-0.02223112584796949,-0.014282440675259115,0.3333333333333333
v1_baseline_current,Current v1 Oversold Rebound,NVDA,6,0.0011678588677284478,-0.0017826586886590297,-0.016009802579693495,-0.006270598638840441,-0.014838586216061378,-0.029769351952695106,0.8333333333333334
v1_baseline_current,Current v1 Oversold Rebound,UBER,6,0.0004163158972123974,-0.006532118256230568,0.0244566408470908,-0.0014766691511388836,-0.006585006782769261,0.042129533885487125,0.6666666666666666
v1_baseline_current,Current v1 Oversold Rebound,AMGN,5,0.028213428786042827,0.035804291217459296,0.037672945587394445,0.03701362346977475,0.03113249354028025,0.042663025093929184,0.8
v1_baseline_current,Current v1 Oversold Rebound,AVGO,5,0.011849842504198894,0.009730069917440099,0.022518368168426405,0.01230823808851902,0.02516319668908491,0.025977890015082196,0.6
v1_baseline_current,Current v1 Oversold Rebound,AXP,5,0.030168990487910753,0.04183226709320827,0.07758006296104766,0.007327768192707107,0.01026129024513216,0.026755642545123526,0.8
v1_baseline_current,Current v1 Oversold Rebound,CAT,5,0.020967399508608285,0.03095923176927391,0.034258667422711817,0.010025752728579373,0.04009026504210524,0.05164473279191306,0.6
v1_baseline_current,Current v1 Oversold Rebound,LLY,5,-0.04064825506180558,-0.019554212280155837,-0.009104851199263209,-0.043190601326830905,-0.005846392920076937,0.011527380313679858,0.4
v1_baseline_current,Current v1 Oversold Rebound,NFLX,5,0.008619841851244314,-0.0378065355279692,0.028712080852636657,-0.0029730992716931136,-0.030286898763461533,0.01377138199073109,0.2
v1_baseline_current,Current v1 Oversold Rebound,QCOM,5,0.0030114399104720136,0.024694006258746227,-0.015566465334104218,0.0014247034974589124,0.01834788989134657,-0.017997615335734917,0.6
v1_baseline_current,Current v1 Oversold Rebound,COF,4,-0.01380036857696193,-0.06099503641327289,-0.043875981067359016,-0.014602544066961043,-0.05106461937464901,-0.03194640281501879,0.25
v1_baseline_current,Current v1 Oversold Rebound,COP,4,0.023049514612472732,0.023484145001996304,0.04784004115237658,0.0009802735930543038,0.0038183287164389457,0.013199939369578195,0.5
v1_baseline_current,Current v1 Oversold Rebound,CRM,4,0.015643714959380522,-0.040732397123387165,-0.009097520783693275,0.01984858745300866,-0.030060558587357344,-0.018346193754030793,0.25
v1_baseline_current,Current v1 Oversold Rebound,GM,4,0.013587431479602813,-0.03506923466159753,-0.010901484197136768,-0.007629603231837784,-0.03292941975888,-0.025559935947690432,0.5
v1_baseline_current,Current v1 Oversold Rebound,JPM,4,0.002054207569056804,-0.0006675974772993032,0.028821305090018234,0.0007895549060902007,-0.0058510990429532506,0.01605644264468359,0.5
v1_baseline_current,Current v1 Oversold Rebound,NOW,4,-0.026021273377383386,-0.035715858453375576,0.023274327393491556,-0.018045990668579315,-0.026108976594267558,0.0143274666918424,0.25
v1_baseline_current,Current v1 Oversold Rebound,ACN,3,-0.04916508205261083,-0.10242647767145859,-0.12972278867389983,-0.05061583521310949,-0.06614508318926267,-0.09217499126474475,0.0
v1_baseline_current,Current v1 Oversold Rebound,AMT,3,-0.0057961965380651055,-0.028130223798075577,0.005247698788851822,-0.014268070231705546,-0.0375614335408622,-0.022630976776388183,0.3333333333333333
v1_baseline_current,Current v1 Oversold Rebound,COST,3,-0.02508351184673859,-0.07749559996133792,-0.09260808010849508,-0.027019588325313038,-0.0262244563740132,-0.05526954611416438,0.0
v1_baseline_current,Current v1 Oversold Rebound,GEV,3,0.050704761731786764,0.051571647111178086,0.10373003459340735,0.05960383519400184,0.06836259841676857,0.11220628464608447,0.6666666666666666
v1_baseline_current,Current v1 Oversold Rebound,GILD,3,0.001979042977982607,0.0034138597079613384,0.00029186072809857705,-0.015184072559587683,-0.022280989915921794,-0.026514555710683136,0.3333333333333333
v1_baseline_current,Current v1 Oversold Rebound,GOOG,3,-0.00406748255189715,-0.032799993455781586,-0.02449857474664759,-0.002846876616001618,-0.022302178714158332,-0.010024835288475531,0.3333333333333333
v1_baseline_current,Current v1 Oversold Rebound,GOOGL,3,-0.003545445719527048,-0.03198185881676008,-0.02382768594778384,-0.002324839783631516,-0.02148404407513682,-0.009353946489611778,0.3333333333333333
v1_baseline_current,Current v1 Oversold Rebound,GS,3,0.015421163511742794,-0.007362628066771164,0.004204462416471951,0.004092616544307852,-0.01596344406600947,-0.003362985502878798,0.6666666666666666
v1_baseline_current,Current v1 Oversold Rebound,INTU,3,-0.008349856596724789,0.0030867873259957657,0.03499193945490361,0.00023888947944361583,0.004817772965725313,0.01832365723436739,0.3333333333333333
v1_baseline_current,Current v1 Oversold Rebound,ISRG,3,-0.01907508914528781,-0.018649154641067683,-0.035448781990802924,-0.00788838142285897,-0.010542584810492084,-0.0385234985282383,0.6666666666666666
v1_baseline_current,Current v1 Oversold Rebound,LOW,3,0.0003192253688921731,-0.0263241876205131,-0.016770089065978544,0.011857563358367998,0.022305132048613285,0.03339377270216104,0.0
v1_baseline_current,Current v1 Oversold Rebound,MO,3,-0.007170629462637246,0.03828826127095549,0.04327038418740736,-0.006237202253945788,0.023222032514565116,0.036475807590169405,1.0
v1_baseline_current,Current v1 Oversold Rebound,NEE,3,-0.004192949297866622,0.0026285080929293234,0.018760788788317884,-0.0072160700787456955,0.005663032407021336,0.014377958457583643,0.3333333333333333
v1_baseline_current,Current v1 Oversold Rebound,NKE,3,0.008874466696440838,0.03808521819668953,0.043323309271083445,0.029836140005362905,0.050886346839880914,0.03856185857544081,0.3333333333333333
v1_baseline_current,Current v1 Oversold Rebound,PM,3,0.006192130649757728,-0.014198439245284375,-0.001790558287635598,0.024521490131356998,-0.0008364843513775829,-0.0011078690829064615,0.3333333333333333
v1_baseline_current,Current v1 Oversold Rebound,SBUX,3,-0.02012190360131357,-0.01307060362066359,-0.03130633014835271,-0.020397944227109128,-0.013835902911566852,-0.029709613904624826,0.6666666666666666
v1_baseline_current,Current v1 Oversold Rebound,TMO,3,-0.03275533983464759,-0.07780539727170166,-0.10471688036305433,-0.02673445881221596,-0.03851355241373614,-0.04413065431890021,0.0
v1_baseline_current,Current v1 Oversold Rebound,USB,3,0.0019026721183957134,0.034892780649037634,0.03290616048151932,-0.021076234293666007,-0.005281515782641133,-0.0007568058884078003,1.0
v1_baseline_current,Current v1 Oversold Rebound,XOM,3,0.004173004305933851,-0.006081810156733887,0.030692033689388738,-0.006200803278724187,-0.011417451265509415,0.01545158368123726,0.3333333333333333
v1_baseline_current,Current v1 Oversold Rebound,ABBV,2,-0.017427512307577053,-0.03946557352564606,-0.04378231339216471,0.016757333754404802,-0.018861492390313983,0.010690816926637758,0.0
v1_baseline_current,Current v1 Oversold Rebound,ABT,2,-0.009019189352927282,0.011318644315758963,-0.019682882058905893,-0.01813421882033256,0.014572636357359614,0.037196816785404874,0.5
v1_baseline_current,Current v1 Oversold Rebound,ADBE,2,-0.007186824630594724,-0.062220482693797874,-0.06400950813387285,-0.010898223993439538,-0.05854500513999694,-0.07209608161805581,0.0
v1_baseline_current,Current v1 Oversold Rebound,DIS,2,-0.06442021514656654,-0.08261806601122168,-0.10073335062741129,-0.02967069092399449,-0.04302861767848193,-0.05834177546649211,0.0
v1_baseline_current,Current v1 Oversold Rebound,EMR,2,0.004691232488397701,-0.028437600169246624,-0.04269513623385757,0.003422423952888942,-0.005414131668441902,-0.006852307727120255,0.0
v1_baseline_current,Current v1 Oversold Rebound,META,2,0.0020486629461404227,-0.010054831584993262,-0.02370570199866273,0.018619527862507812,0.0009530520398177145,-0.00939271295096994,0.0
v1_baseline_current,Current v1 Oversold Rebound,MS,2,0.00146173027566876,-0.03562283071548883,0.002100959804332281,0.01580452216550282,-0.01118535914064589,0.013139294367905063,0.5
v1_baseline_current,Current v1 Oversold Rebound,ORCL,2,-0.0628029377307237,-0.09982324585713853,-0.12891751415820168,-0.05420551778306648,-0.08082442942818396,-0.11352945883908572,0.0
v1_baseline_current,Current v1 Oversold Rebound,SPG,2,-0.013022490887102611,-0.016476524564823014,-0.02001703320797621,-0.005660417387685246,-0.008702378416931444,-0.012923452482206,0.0
v1_baseline_current,Current v1 Oversold Rebound,T,2,0.026456347871495756,0.030686810625090266,0.016147551727774823,-0.010752937413875951,-5.235331913511221e-05,-0.016746637743692228,0.5
v1_baseline_current,Current v1 Oversold Rebound,TXN,2,0.022404900994930865,-0.0007653984186944962,0.00024935882542009846,0.0001938158461285422,0.006986607155951952,0.023710605028666898,0.5
v1_baseline_current,Current v1 Oversold Rebound,UPS,2,-0.02864042641258402,-0.04174114020806924,0.004601423348844502,-0.031085041399604274,-0.04378844417769068,-0.013497282255263365,0.0
v1_baseline_current,Current v1 Oversold Rebound,V,2,0.011380671577041868,0.029595804019312943,0.031237315338007,0.008317387841735635,0.009698817005553084,0.014648655627757412,1.0
v1_baseline_current,Current v1 Oversold Rebound,AAPL,1,-0.003735196072436553,-0.04596106265540978,-0.047670383122520366,-0.029415011245635503,-0.01856583662926381,0.02414738655699411,0.0
v1_baseline_current,Current v1 Oversold Rebound,BAC,1,-0.016543048666295856,0.011599174911231636,0.07491915982653019,-0.012194831562274078,0.011989241268360984,0.07725938162827706,1.0
v1_baseline_current,Current v1 Oversold Rebound,BKNG,1,-0.01933839423526862,0.001250165873963649,0.023703935054232073,-0.026232065801368942,-0.017929624649082543,-0.004384340592323843,1.0
v1_baseline_current,Current v1 Oversold Rebound,BNY,1,0.006111999767879794,0.0568760337408345,0.04363327042860998,-0.016782706052558716,0.04000623224594224,0.04549760139224701,1.0
v1_baseline_current,Current v1 Oversold Rebound,BRK-B,1,0.07212156383007984,0.06936095707641798,0.08243338775585052,-0.010721598946048516,-0.009071147061004092,-0.03450982396715774,1.0
v1_baseline_current,Current v1 Oversold Rebound,C,1,-0.0015663391580947872,-0.015663391580948316,0.012083260955944919,0.015115433289084823,0.023504762558394954,0.04693587023050383,0.0
v1_baseline_current,Current v1 Oversold Rebound,CMCSA,1,0.006102820453373292,0.07468760202319391,0.12438241959980889,0.01629887026597654,0.07773591136271618,0.08123325645940316,1.0
v1_baseline_current,Current v1 Oversold Rebound,CSCO,1,0.011580994239682951,0.03344176637413532,-0.0083279037391778,0.010642212210438373,0.026650413410713947,-0.0032234219368308947,1.0
v1_baseline_current,Current v1 Oversold Rebound,CVS,1,-0.07964604847908263,-0.06476269391888778,-0.09922232963525601,-0.06502500671962941,-0.01987719473399674,-0.07960544200561537,0.0
v1_baseline_current,Current v1 Oversold Rebound,CVX,1,-0.11745752059754344,-0.12276936406777905,-0.1434198647664231,-0.11884843064125272,-0.14007484807345627,-0.18386171705373555,0.0
v1_baseline_current,Current v1 Oversold Rebound,GD,1,0.08938687616952556,0.04453623176757593,0.0696540945198032,0.00654371339339721,-0.03389587236984615,-0.047289117203205056,1.0
v1_baseline_current,Current v1 Oversold Rebound,GE,1,0.06123501021941813,0.15201389247856012,0.2749281911061374,0.057603609443910964,0.14217225030163094,0.2341408629441908,1.0
v1_baseline_current,Current v1 Oversold Rebound,IBM,1,-0.008918420991808285,-0.0012032713081409074,0.030223699811403604,0.0012776288207949626,0.001845038031381363,-0.01292546332900213,0.0
v1_baseline_current,Current v1 Oversold Rebound,LIN,1,0.03201862115604981,0.051256426263257104,0.10893652567468282,0.034284731018398684,0.03949323054794829,0.046199378256637,1.0
v1_baseline_current,Current v1 Oversold Rebound,MA,1,0.012583732819280158,0.03116633263939317,0.05505025480560333,0.004458201167524267,-0.003297099708618134,0.003418809270179901,1.0
v1_baseline_current,Current v1 Oversold Rebound,MCD,1,0.018710656439923756,0.024213754763569018,0.0009338584926006366,0.01663183247583011,0.036917907932628724,0.10315307817394159,1.0
v1_baseline_current,Current v1 Oversold Rebound,MDLZ,1,0.024500329389634867,0.019342371779996537,-0.05754351454128881,-0.015835200960138796,-0.02807266442368217,0.0005286852238245432,1.0
v1_baseline_current,Current v1 Oversold Rebound,MDT,1,0.0133333148378314,0.039393939393939315,0.07054545084635411,-0.005349169431648759,0.00017262644807436445,0.035417624622095856,1.0
v1_baseline_current,Current v1 Oversold Rebound,MRK,1,0.017656722281671033,0.06205067615255677,0.10190442348036832,-0.007209813620613126,0.027115282789339945,0.06396125297421595,1.0
v1_baseline_current,Current v1 Oversold Rebound,SCHW,1,-0.005113676031523795,-0.02758707427956586,-0.008747058509480543,-0.00015714454217519158,-0.023324163973932666,-0.011504404048674366,0.0
v1_baseline_current,Current v1 Oversold Rebound,SO,1,-0.0012687336367023239,-0.024809727595994424,0.0019734900596326543,0.008701679240255666,-0.04068044060692744,-0.03150191761493937,0.0
v1_baseline_current,Current v1 Oversold Rebound,TMUS,1,0.0744546794837122,0.06338916262930461,0.07271581427235918,0.07746104713070256,0.06853159971859102,0.0477421831651621,1.0
v1_baseline_current,Current v1 Oversold Rebound,UNH,1,-0.00862367691532262,-0.017548394972278225,0.0073333412088374406,0.010752962344897421,0.049131177740991516,0.03431449584591473,0.0
v1_baseline_current,Current v1 Oversold Rebound,WMT,1,0.050478750850247334,0.06838051175703352,0.07826807347786535,0.04662803217716904,0.05136923805037408,0.05409659246896115,1.0
